"","MMM","AA","AXP","T","BAC","BA","CAT","CVX","CSCO","KO","DD","XOM","GE","HPQ","HD","INTC","IBM","JNJ","JPM","MCD","MRK","MSFT","PFE","PG","TRV","UTX","UNH","VZ","WMT","DIS"
"2011",1.19591,1.78730,1.23110,0.67081,2.01381,1.25968,1.57318,1.15039,1.13202,0.66486,1.30304,1.05538,1.24513,1.28298,0.93578,0.94261,0.86972,0.66227,1.59002,0.56863,0.84711,0.88869,0.90870,0.53339,1.05258,1.21075,1.07628,0.66862,0.54145,1.25486