"MMM","AA","AXP","T","BAC","BA","CAT","CVX","CSCO","KO","DD","XOM","GE","HPQ","HD","INTC","IBM","JNJ","JPM","MCD","MRK","MSFT","PFE","PG","TRV","UTX","UNH","VZ","WMT","DIS"
0.000315,-0.000476,0.000530,0.000497,0.002574,-0.000055,-0.000358,-0.000181,0.000156,0.000086,-0.000234,-0.000091,0.000428,-0.002532,0.001460,-0.000772,-0.000018,0.000278,0.000809,-0.000447,0.000299,-0.000118,0.000565,0.000088,0.000729,0.000233,0.000176,0.000421,0.000525,0.000930