"MMM","AA","AXP","T","BAC","BA","CAT","CVX","CSCO","KO","DD","XOM","GE","HPQ","HD","INTC","IBM","JNJ","JPM","MCD","MRK","MSFT","PFE","PG","TRV","UTX","UNH","VZ","WMT","DIS"
-0.000305,-0.002478,0.000247,0.000189,-0.003586,0.000337,-0.000227,0.000547,-0.000513,0.000274,-0.000388,0.000446,-0.000095,-0.001963,0.000695,0.000634,0.000810,0.000194,-0.001098,0.001097,0.000235,-0.000326,0.000843,0.000146,0.000210,-0.000390,0.001191,0.000487,0.000378,-0.000118