"","MMM","AA","AXP","T","BAC","BA","CAT","CVX","CSCO","KO","DD","XOM","GE","HPQ","HD","INTC","IBM","JNJ","JPM","MCD","MRK","MSFT","PFE","PG","TRV","UTX","UNH","VZ","WMT","DIS"
"2011",1.03501,1.72144,1.19334,0.68387,2.12706,1.12334,1.63349,1.17238,1.12857,0.76569,1.27387,1.04242,1.26441,1.58328,0.95780,1.20238,0.99114,0.54008,1.54819,0.62363,0.72559,1.22017,0.61344,0.56902,0.90894,1.29166,0.71844,0.61900,0.48004,0.99450