"MMM","AA","AXP","T","BAC","BA","CAT","CVX","CSCO","KO","DD","XOM","GE","HPQ","HD","INTC","IBM","JNJ","JPM","MCD","MRK","MSFT","PFE","PG","TRV","UTX","UNH","VZ","WMT","DIS"
1.195906,1.787304,1.231104,0.670809,2.013807,1.259676,1.573184,1.150388,1.132022,0.664865,1.303036,1.055376,1.245128,1.282977,0.935783,0.942606,0.869725,0.662269,1.590015,0.568626,0.847110,0.888694,0.908704,0.533391,1.052580,1.210754,1.076284,0.668619,0.541447,1.254856