"DJIA","MMM","AA","AXP","T","BAC","BA","CAT","CVX","CSCO","KO","DD","XOM","GE","HPQ","HD","INTC","IBM","JNJ","JPM","MCD","MRK","MSFT","PFE","PG","TRV","UTX","UNH","VZ","WMT","DIS"
0.013233,0.017589,0.027061,0.019175,0.011451,0.036266,0.019154,0.023499,0.017401,0.022146,0.011004,0.019291,0.015936,0.019267,0.025502,0.016475,0.017176,0.014096,0.010872,0.025442,0.010579,0.014127,0.014766,0.015314,0.009455,0.017211,0.017468,0.019504,0.012124,0.010435,0.019366